{
  "NOSRP": 0.25,
  "NOUML": 0.25,
  "STRUCT": 0.2,
  "SEMUML": 0.175,
  "SHORT": 0.15,
  "COPY": 0.1375,
  "EXT": 0.133333,
  "FLUFF": 0.125,
  "BADUML": 0.1,
  "HOV": 0.1,
  "IR": 0.1,
  "JAK": 0.1,
  "NOOOP": 0.1,
  "STYLE": 0.1,
  "DS": 0.1,
  "CITE": 0.09375,
  "BADDP": 0.075,
  "FILO": 0.075,
  "AI": 0.075,
  "CH": 0.05,
  "CONTENT": 0.05,
  "LANG": 0.05,
  "TERM": 0.05,
  "BW": 0.0125,
  "OWNDIF": 0.0125,
  "ICH": 0.0,
  "KAPTXT": 0.0,
  "SAZBA": 0.0
}