{
  "MISSING": 0.25,
  "NOUML": 0.25,
  "SINGLETON": 0.25,
  "STN0": 0.25,
  "STN9": 0.25,
  "EXT": 0.166667,
  "SHORT": 0.15,
  "STN1": 0.15,
  "WHY": 0.15,
  "COPY": 0.1375,
  "PSR12": 0.125,
  "STN2": 0.125,
  "BADUML": 0.1,
  "COMMENT": 0.1,
  "DECOMPOSE": 0.1,
  "EX": 0.1,
  "HOV": 0.1,
  "IR": 0.1,
  "JAK": 0.1,
  "NOOP": 0.1,
  "OK": 0.1,
  "OOP": 0.1,
  "STN3": 0.1,
  "STRUCT": 0.1,
  "STYLE": 0.1,
  "DP": 0.075,
  "FILO": 0.075,
  "NVP": 0.075,
  "STN4": 0.075,
  "BADDP": 0.070833,
  "HOW": 0.066667,
  "CH": 0.05,
  "CONTENT": 0.05,
  "FORM": 0.05,
  "FORMAT": 0.05,
  "LANG": 0.05,
  "NOSRP": 0.05,
  "NV": 0.05,
  "PSR1": 0.05,
  "SRCFORMAT": 0.05,
  "STN5": 0.05,
  "TERM": 0.05,
  "STN6": 0.025,
  "BW": 0.0125,
  "OWNDIF": 0.0125,
  "AUTHOR": 0.0,
  "BLOK": 0.0,
  "DOCTYPE": 0.0,
  "ICH": 0.0,
  "KAPTXT": 0.0,
  "MDLINES": 0.0,
  "MEZ": 0.0,
  "NVPDOC": 0.0,
  "PRED": 0.0,
  "SAZBA": 0.0,
  "SPACETAB": 0.0,
  "UML": 0.0
}
